,number,days,gender,age,afftype,melanch,inpatient,marriage,work,madrs1,madrs2,DeltaMADRS,Mean_MeanAct,Mean_Q99Act,Std_MeanAct,Std_Q99Act,CV_MeanAct,CV_Q99Act,Stress,y
0,condition_1,11,2,35-39,2,2,2,1,2,19,19,0,152.1996296,1248.365333,59.21824047,537.7506277,0.389082684,0.430763826,310514.5455,1
4,condition_5,13,2,50-54,2,2,2,2,2,26,26,0,172.622371,1300.538571,46.44416363,259.8164908,0.269050664,0.199776075,276509.0769,1
8,condition_9,13,2,45-49,1,_MISSING_,2,1,2,26,26,0,177.0316239,1420.541538,25.80578583,151.9072151,0.145769356,0.10693613,279408.9231,1
12,condition_13,14,2,35-39,1,2,2,2,2,18,13,-5,250.2213889,1472.341333,66.7627819,202.9779257,0.266814848,0.137860645,409653.2857,1
0,control_1,8,2,25-29,,,,,,,,,193.0907118,1747.426875,79.18037517,488.1833446,0.410068275,0.279372689,635751.25,0
3,control_4,13,1,25-29,,,,,,,,,186.394213,1711.935333,59.26826543,298.8541879,0.317972669,0.174570956,334296.6154,0
8,control_9,13,2,30-34,,,,,,,,,141.1703704,1145.389333,47.24162555,269.018427,0.334642641,0.234870728,239600.6923,0
13,control_14,13,1,50-54,,,,,,,,,362.2874504,2426.409286,109.5436819,390.0083287,0.302366758,0.160734766,588530.5385,0
18,control_19,13,1,50-54,,,,,,,,,202.425,1345.251333,73.01189825,374.1056504,0.360686171,0.278093499,359830.9231,0
